"feature","solA","pvalue","mz"
"solA",1,0,NA
"1303",0.675865664629938,3.03605227863289e-99,590.25995
"329",0.55426715133153,6.23095441312642e-60,354.15461
"3284",0.541298110747594,9.98740054188332e-75,339.15499
"40",0.527279763538088,5.6764864251012e-42,98.98413
"211",0.522002614844816,2.69709330730764e-63,353.10194
"3505",0.513800897717131,7.29028253435315e-42,641.78041
"584",0.510110011225775,1.2144423324912e-36,483.3104
"1297",0.496491226685971,4.75489786216359e-53,406.31018
"2935",0.495210415931046,2.0538210231262e-32,595.36051
"847",0.49443940326971,1.96864894037177e-47,209.11722
"713",0.483735365945212,3.73227148137598e-47,363.14133
"1",0.479295882286035,4.9982897967299e-24,114.09113
"4796",0.46907203382172,7.31163271667314e-61,339.15498
"346",0.46484248596766,3.00626986533013e-50,191.07034
"3916",0.462148054045216,2.0949510892449e-45,543.80346
"1676",0.458718762470098,7.37958395847859e-46,323.14948
"2558",0.442503372935491,1.28579816046411e-43,307.09123
"73",0.440644730584104,4.91964477223069e-50,138.05488
"2069",0.437699832117294,8.04601644841114e-19,527.26402
"1846",0.437026122498201,1.5892723488934e-36,295.26321
"1225",0.435907283526742,4.84858348859726e-42,492.14997
"415",0.435890726323475,1.20211924024296e-39,207.06518
"626",0.434549821681518,8.8753663906515e-40,387.66798
"2008",0.42660555900313,9.14742132971075e-23,453.33577
"5247",0.424913831975545,1.27765994530634e-41,222.02915
"697",0.424745848938985,7.11429963836908e-34,294.1183
"598",0.418973699977265,3.61005738462115e-44,216.24339
"844",0.416579399075296,7.19007039217362e-20,394.14373
"365",0.40955358564351,1.94765536511484e-37,261.08701
"2568",0.402966005567691,5.71721296697334e-30,127.0752
"4153",0.396552951079659,2.06548732187765e-22,309.05806
"621",0.396115726377241,8.2094245986412e-10,195.58273
"982",0.393934828646054,1.32943722998965e-10,827.24122
"2540",0.393800378971486,1.25444620611632e-44,265.15462
"169",0.391136939496267,2.46749415716581e-16,163.13284
"2535",0.389374864535273,1.72892141719288e-32,259.08122
"2018",0.387539926309077,3.50556280111276e-11,186.07614
"4514",0.384227608576723,3.4372031489102e-31,161.09611
"1795",0.383856673810419,4.30372249347455e-34,358.18591
"330",0.382429988671283,4.1760772002287e-47,476.15528
"760",0.38232384654214,1.73702088864772e-31,460.69696
"191",0.38132490974691,1.58842187628276e-38,328.17652
"66",0.378931057465441,4.34218680838863e-26,293.24746
"1286",0.378139716294607,6.00940015796081e-15,743.18799
"2815",0.373997473307197,2.98364242063622e-36,413.30486
"818",0.370249468595607,1.09778494827846e-17,235.1691
"1811",0.369799429847378,1.07539434435355e-31,179.10671
"255",0.367014720002693,3.08866463690675e-40,314.17961
"2063",0.363979561215308,5.84015001872039e-30,191.07027
"2034",0.362822223755894,1.6854643036663e-10,961.58284
"1377",0.362611661183773,1.70923852243621e-29,265.14449
"1574",0.361875459804957,1.23853096113919e-25,302.02693
"292",0.361534978715906,4.13636290452007e-23,529.27984
"2375",0.36095220700641,2.64287733378919e-05,171.06523
"4886",0.360866567557157,1.62145371572266e-14,124.92254
"1183",0.358781697094843,1.10869332749099e-36,191.07033
"1055",0.358572407422053,2.7000133124355e-28,263.23703
"5428",0.358372345423076,2.79349658248444e-20,62.96265
"3323",0.357676152313981,1.46841336298669e-28,600.26513
"2793",0.356901582971853,1.11534571562991e-08,225.10973
"685",0.355479263873459,1.32143617724455e-36,575.35799
"1914",0.352273391777504,8.50793353530364e-40,355.28367
"1557",0.349786578854569,3.61706712541474e-35,574.40977
"2039",0.346359197283376,8.70429619389891e-29,826.9099
"4351",0.346233234315896,6.26470090318574e-29,165.09097
"2726",0.346063719116256,9.93069286563245e-14,445.13396
"565",0.342243422173811,3.97322472188499e-34,161.09607
"3613",0.341206136313497,7.7205190273001e-11,347.84955
"1040",0.338230795373571,6.85543422679404e-27,452.75531
"2347",0.338173594945396,5.25847367318448e-30,301.06832
"1548",0.337490736919263,1.04601532222261e-15,445.13402
"805",0.336621464592059,2.34522290919905e-42,179.07021
"3624",0.335724406019001,5.6487598911905e-14,196.59052
"2710",0.333442086548988,1.44977750568812e-11,281.90455
"3537",0.33268170825492,1.02012857555082e-20,134.9868
"466",0.332469286025906,2.10996716141144e-36,289.0819
"2367",0.331078172985823,7.51512762353817e-09,155.10668
"2462",0.330938732598948,2.02578725682973e-22,158.0031
"1288",0.330394525830781,3.03882738707584e-19,548.82793
"109",0.330223264949983,1.39319932428818e-11,107.06995
"1779",0.329254891373566,0.000208819715443251,589.19156
"1197",0.328347498320667,1.02016065582706e-22,315.15326
"1437",0.326485768160804,1.83101105834919e-23,570.37897
"3911",0.326327255424053,1.12904175011984e-27,412.35687
"2042",0.326013770257284,8.9613725069563e-10,110.00845
"2261",0.323921817281183,1.55709853895221e-29,512.09764
"1601",0.3234727539469,3.49835492129616e-12,351.14643
"474",0.322988618456752,3.75899063950134e-38,297.13335
"965",0.322813611983076,6.18801872544606e-24,90.05487
"616",0.322812238520976,9.49577143931549e-35,883.46788
"4740",0.319825589919271,4.3895124152014e-15,518.80835
"4077",0.319391008300081,1.04902402268422e-17,884.49909
"5490",0.319366554891817,7.27184543221748e-27,220.11795
"2298",0.319313561750878,3.39992687962909e-23,862.4935
"3557",0.317322783742921,8.83297274075233e-33,476.21255
"849",0.316666793962983,6.99471371943029e-33,327.14384
"2013",0.312453524492103,2.68382344389747e-11,498.90816
"2948",0.31244872993452,2.51872102334366e-05,144.08069
"5527",0.312291432537919,4.81470229679444e-10,290.84717
"5401",0.312276544048288,4.36591476813688e-20,196.96105
"4491",0.311193813658252,1.14997164759221e-09,184.07338
"503",0.310856919069856,1.46241712422893e-16,335.94115
"4040",0.309318562808495,2.37416080901202e-24,267.12266
"2435",0.308924230085902,8.2184330164825e-12,343.92198
"5417",0.307919941132532,5.86439853370225e-09,702.86345
"5118",0.307010356067223,1.65877567501434e-20,476.16114
"1723",0.306583092834137,1.42188712728741e-12,263.23689
"3037",0.303366355518169,5.94769828220943e-23,91.03888
"5491",0.303338415232622,1.96929915926705e-15,320.86634
"913",0.302742267731244,4.05222055203269e-27,131.03386
"1649",0.302132267362345,4.62983333769704e-05,213.92049
"3091",0.300544529880747,9.44139831869027e-08,267.12265
"3303",0.299827124117665,9.40120318621568e-15,866.48903
"41",0.298569135933241,1.24739698172737e-24,98.98391
"338",0.297150270608367,4.25894259439626e-10,174.03973
"2249",0.296990733185908,3.12230423854046e-10,98.98378
"2867",0.296442105565471,1.93498293562679e-11,602.7699
"2764",0.296301879664981,8.82781184726007e-29,124.99971
"5451",0.295262768059617,2.06067743116521e-10,71.0488
"3486",0.295252264770153,1.39277501067438e-15,293.98218
"2650",0.293888088542248,0.0133737536817123,199.01317
"1851",0.293257547874701,3.14273767732135e-19,221.0656
"4821",0.293034422706748,8.23389938149014e-16,309.24221
"1826",0.292941218148936,2.89480632595668e-11,427.15589
"1198",0.292392898456555,3.13364122907454e-16,277.03279
"153",0.292382991326537,6.55810354154097e-16,353.08678
"538",0.292269985783896,1.76135003923809e-18,319.99781
"1724",0.291779512487202,5.1520592421745e-12,552.23318
"2874",0.291140085284401,1.2800762025851e-30,184.09689
"3932",0.28825482327637,3.24122682398465e-25,408.32592
"1911",0.287633393835866,1.85545921570688e-09,175.13292
"1292",0.287501968710006,5.67251636425011e-07,390.09727
"785",0.287487680525443,1.456260661654e-10,340.28468
"5493",0.287097821245715,3.79732113131037e-09,206.88587
"663",0.286960702234511,5.15231345810338e-30,459.18609
"491",0.286912546006386,2.36149760465147e-21,185.11653
"5489",0.2866326643403,1.66407438818927e-12,122.92431
"3128",0.286568848113804,0.00029948300260826,213.07586
"886",0.285958163171907,1.54849182081592e-27,245.06521
"2846",0.285664950098075,4.71176526511077e-05,156.96596
"2580",0.285242051909833,1.20299646314642e-24,878.48873
"413",0.284615003984851,1.60382036123563e-41,65.03818
"2138",0.283490309377396,6.35617299967479e-14,251.12701
"4488",0.283460228632175,3.40565702417896e-18,868.50375
"3626",0.282333427430627,4.48844216221291e-20,440.75054
"13",0.282242979271161,1.15508411336712e-06,267.17191
"829",0.280962390370417,2.69533282778516e-29,428.21264
"4243",0.278374709545771,1.23457889945713e-06,211.10938
"655",0.278001997840907,1.06348526302714e-05,736.86459
"3438",0.277635707658666,8.30114163179935e-30,462.13938
"2505",0.27753496038768,0.000576446478720334,312.3261
"69",0.277197267180155,3.33611992572523e-12,135.02873
"3732",0.277172260919375,3.3258994393307e-11,201.07581
"403",0.277038382722955,2.75172670218373e-29,155.15428
"2101",0.276519080928827,6.24482217379626e-16,738.51951
"3182",0.276475405794264,2.2948290337905e-07,656.71179
"807",0.275957862876318,5.73959727573161e-20,203.22316
"184",0.275579391363574,4.20010732595541e-29,92.04961
"4066",0.27363101479117,0.0112303775597818,780.89673
"5367",0.273419630692634,3.75222233688338e-15,279.04755
"813",0.272843447089584,3.74307657232284e-21,218.94227
"1161",0.272097407014609,8.25627991873614e-12,441.13919
"4424",0.272092211276673,4.22530028648913e-22,177.05462
"5329",0.271611876552329,1.21328860211559e-07,441.10042
"114",0.271120729355344,1.82542829752271e-11,261.03699
"3741",0.270752216073293,1.37100316073878e-06,155.04678
"4946",0.270583324865705,2.53719290618808e-09,488.78924
"2090",0.268946827975315,1.56765755894075e-18,298.9928
"3211",0.268311882886766,0.00540227026894071,954.61226
"2971",0.266991940612425,1.13699546727596e-13,569.86683
"129",0.266512189112549,2.87717085727278e-07,139.11169
"1774",0.266392152103942,6.12642766715927e-12,231.08639
"758",0.266267947619716,6.50208170681237e-07,467.11598
"4498",0.26584414646655,3.55378951471667e-11,177.05462
"276",0.265055226670556,2.08985282834988e-26,248.12817
"2000",0.264139836703165,0.000151916680945448,124.95574
"3373",0.264055016072769,1.98869137727717e-20,440.37316
"5441",0.263913786198155,2.12039685948162e-15,296.06581
"1743",0.263667317464157,0.000425599425991415,67.05401
"1684",0.263254053288927,0.0195391878366191,217.10471
"2957",0.262747383356563,9.86575288001572e-07,276.93393
"2809",0.261479750028109,2.35852154326207e-08,353.08661
"2258",0.26143222375559,0.000774924815454455,242.10232
"5260",0.260353404907074,4.33241042366672e-07,458.76987
"4285",0.260310910971594,2.13985128442411e-12,487.23073
"597",0.259545218484484,1.89968080942678e-13,221.11705
"4358",0.25890243856546,0.000107029797662833,445.8265
"4556",0.257649965706077,2.97784575348308e-08,78.99862
"1534",0.254941779517679,0.000107369262775828,502.32876
"5051",0.254896923338523,0.000341808999451723,61.06455
"5016",0.254890509041051,5.95584264990182e-22,122.09629
"4977",0.25386538258798,1.08379842341148e-09,404.82767
"680",0.253654898869741,1.76672654136125e-11,269.1019
"1031",0.253628939499805,3.54534042319739e-13,448.81441
"105",0.253178542657664,5.26096263473024e-13,414.33631
"1064",0.250507159847229,7.08298343276171e-21,145.0284
"1003",0.250305040204605,0.00180300050879589,81.06981
"3254",0.250072686772381,9.76620747154279e-12,219.96644
"197",0.249680286546425,8.04745113167611e-07,498.73889
"5208",0.249666704800847,2.82828499185411e-06,542.73125
"1500",0.249574515383249,3.32622086643354e-11,513.68675
"1675",0.24941437159258,9.33720562946895e-11,485.32603
"2824",0.247869870365024,3.44061004563405e-09,165.091
"1451",0.247867035583284,2.51114247447726e-12,686.73063
"428",0.247838901745117,0.000285730638666262,297.16745
"843",0.246963614088338,1.6425056980793e-14,185.11652
"2508",0.246824815118993,0.00259265072378385,285.91725
"3033",0.246148267497435,9.04992763226971e-14,582.23056
"3533",0.245009188085333,9.5170409116586e-10,469.33115
"42",0.244262695935423,1.40708660026953e-28,184.07334
"3032",0.244105460526184,1.27255252269385e-15,664.14644
"2541",0.243453872555104,1.3944180118524e-22,75.09142
"328",0.243324782423884,0.0155131630509033,298.20096
"3914",0.24267293576542,4.11910426724565e-15,236.93866
"232",0.242515522860105,5.86881986264881e-12,470.69676
"3388",0.241720482991565,4.8931006942409e-07,269.10189
"464",0.240770989543503,7.07255984026781e-13,207.10147
"591",0.239930391850843,0.00231061741465826,790.56473
"5341",0.239119121499621,6.97018838773206e-11,249.11209
"571",0.23869794318319,0.000674752604454228,956.62839
"535",0.238221138100151,3.24805325181454e-09,274.13966
"1144",0.238220244648683,2.36599130592715e-24,697.83644
"85",0.237915780831831,0.00427720497408962,134.04474
"5404",0.237783680546826,7.7532807589087e-10,706.45226
"14",0.237298967976664,3.97422989268249e-07,177.05463
"1211",0.236310976457913,1.2767974038479e-08,688.18893
"2400",0.235913994875909,4.81765482214858e-21,218.1023
"224",0.235469009292249,0.014725491489521,500.72062
"681",0.235260266895694,2.77090760959496e-14,263.95631
"4327",0.235075448107325,2.34934030533996e-11,230.9901
"4187",0.23460852659895,9.44359887797013e-13,277.21608
"2781",0.234414380274574,4.03753583733744e-24,112.11189
"225",0.234409495908864,0.00923375014777694,477.35735
"4522",0.234066110675571,2.61892915560802e-22,125.98608
"223",0.233651449150506,0.00725274434830366,417.33617
"2424",0.233393894961534,3.28935951387443e-12,322.14959
"532",0.232952289500608,1.15318656734576e-24,395.66513
"262",0.232512866789898,1.68442081128003e-06,285.24215
"165",0.232374813225416,5.28567091021795e-11,84.04426
"1956",0.231385503369989,0.000528526138690655,744.51598
"1138",0.23136125642023,1.568133683961e-16,594.43434
"2727",0.231143278551703,1.33834520175571e-08,265.21613
"164",0.230299421782609,8.52810340051044e-20,133.0858
"1504",0.228896438638866,8.25515364268531e-07,572.23718
"4168",0.228672541180971,0.000523447730903994,383.89414
"2038",0.22806694174484,8.45998601469589e-08,505.35231
"3839",0.227838784174411,8.7312291338927e-20,174.03994
"1016",0.227712165952314,0.00427809723767989,325.20073
"5459",0.227265425215409,1.7813579416306e-17,286.09213
"1858",0.226997989771732,3.21567654891493e-14,464.86548
"295",0.22648738879211,5.953310121602e-28,450.19707
"68",0.225733469410852,6.65740565622766e-08,71.01255
"2271",0.224280671087504,0.0120356731078324,743.19582
"4851",0.223911874373432,0.0427048529618778,850.49383
"1994",0.223825727803642,1.45704844823875e-11,731.53385
"4057",0.222817158066878,1.73832502808628e-08,127.03887
"3859",0.22261909993864,6.1866668098859e-07,576.38921
"3004",0.222110520425044,0.00036461539112715,371.22755
"4450",0.222064553605585,6.44152707252583e-12,221.04213
"4935",0.221961208815943,5.4146120755893e-18,246.06082
"4525",0.221106310491419,2.40123407053301e-10,413.87065
"218",0.220349772514975,3.92722390070917e-07,485.70271
"5536",0.219061487313008,1.08416069771812e-08,85.02824
"644",0.21902758372803,9.2063335297953e-07,349.13088
"412",0.218768666238643,1.68222539790682e-12,207.06519
"5573",0.217293946324378,1.02885121926632e-11,57.93447
"1556",0.21686100729845,5.40192970842392e-06,459.29434
"1787",0.216857157318627,1.4585287160716e-08,663.84263
"2187",0.215735067927177,0.000268283481929572,429.37267
"576",0.215352908876201,4.48557659082389e-16,149.096
"622",0.214549395549997,0.000558714272202068,69.06971
"5416",0.214355516546035,1.75718406040212e-10,80.97351
"1739",0.214029571794976,0.000241125428798825,615.49714
"64",0.213929875016876,8.05982114700224e-19,355.28414
"1929",0.213848486295892,2.65753847024811e-08,351.06946
"2217",0.212810602128632,0.00175818974760736,412.90872
"2866",0.212449014231117,2.91951372875051e-05,534.0457
"3035",0.211828377673961,9.76296996015502e-12,180.10192
"715",0.211235440610234,3.27058722266711e-05,209.08075
"400",0.210536524677445,5.29533530758342e-07,642.35887
"2197",0.210508177184734,1.03796464864541e-24,509.29165
"4020",0.210494123142973,2.3258550114955e-10,434.84729
"1834",0.210251128684654,1.11080217091907e-06,219.10156
"354",0.209972388626622,2.34316675836194e-16,520.23878
"1019",0.209403212376564,0.00219706242578579,123.11669
"823",0.209320596840493,0.00589384955691187,338.21722
"5342",0.209190638178749,2.37456817761746e-12,236.90489
"5360",0.209042925088602,1.24849226035607e-14,74.02346
"1632",0.208402584261255,4.44210169432671e-11,672.41667
"2174",0.207609895318568,0.0146185557564521,233.17497
"1177",0.20709535572726,3.34793831599739e-10,413.30492
"1859",0.206750248532649,8.73672133005448e-15,207.05003
"4620",0.205798794909611,1.86840977386468e-06,241.07056
"1573",0.205275973497573,9.63941825791392e-07,281.17478
"5503",0.205214207551286,7.78061223339268e-07,381.07932
"4997",0.205201490130433,2.15759059284854e-10,490.17668
"384",0.205000006532998,1.14120485748868e-17,161.0962
"3403",0.204950989701977,1.84913250461655e-13,186.95622
"4075",0.204590773976328,1.16108421805193e-07,440.35812
"3049",0.204550222368871,1.06252122359726e-05,626.69245
"2972",0.204442009065533,9.99670007595554e-11,65.96486
"1952",0.204167050170005,0.000242167137360397,623.10542
"670",0.20410966114709,6.2533502831417e-09,279.08659
"1802",0.204078483171431,2.33574977945454e-22,481.16913
"5133",0.203928367627001,9.67714070168458e-05,177.05462
"613",0.201979403949472,1.91945882752679e-07,645.3661
"2681",0.201962811351337,1.06145240946615e-10,613.8931
"2810",0.2018336094691,5.56234344949948e-07,265.21617
"716",0.201005905031761,0.0230173974532282,600.43229
"1130",0.200359528534949,1.65875305034919e-11,432.43686
"1232",0.20021088548318,0.00165067595819419,239.16405
"268",0.199910542905479,2.2906308751726e-10,184.18797
"233",0.199459902497279,5.90103639979508e-10,486.66954
"3077",0.198698756187249,0.0214705722049149,685.81264
"2293",0.198660532437766,1.78201490721384e-06,740.6726
"2241",0.198551323454503,1.60694510878351e-07,151.11174
"734",0.197152004459571,5.04301538388373e-11,305.19733
"946",0.196550068959762,0.0013535886322078,628.19424
"3243",0.195598211694885,1.2909915999624e-08,291.19533
"4871",0.195554808259738,4.56392148872503e-07,158.96128
"5547",0.195462099502292,1.06385286112088e-06,277.21611
"4414",0.195367250434765,2.43649956326469e-05,161.0597
"2611",0.194920676288914,0.000370233767636849,771.53595
"890",0.194660842364172,1.83140502908505e-07,384.01384
"1169",0.194462407370178,0.000348294902141108,592.31695
"2892",0.194184052958476,4.54819000208763e-06,470.25951
"1102",0.194038535556306,1.59553204227755e-12,389.18362
"1045",0.19394028937947,4.51277575151522e-05,410.30518
"1136",0.19390217171246,4.67385320234701e-20,273.00149
"936",0.193454497704312,2.08785708357887e-08,574.37387
"394",0.193320028821077,4.23852117808832e-14,615.24898
"4576",0.193266422513118,2.01110953441088e-05,195.06517
"204",0.192805699693329,6.51670351834555e-08,454.22166
"438",0.192415719958209,0.0191587745641906,594.16076
"2364",0.191811678867595,0.00219104442521474,728.51003
"870",0.191338318144505,6.03652966145318e-09,357.82332
"331",0.190368693743461,4.29840809530857e-07,485.16519
"4504",0.190308626006567,2.61691161872549e-08,111.04394
"1334",0.189656459856878,2.56527251066514e-06,294.93795
"380",0.189611030383046,0.000518305926547313,295.17506
"3929",0.189584681067101,2.71300261804756e-10,130.15894
"809",0.189489655526063,0.031069106763081,577.13431
"5069",0.188862777301506,5.53526861197283e-06,75.04373
"3349",0.188045108835352,1.03233613176621e-09,314.10904
"4177",0.187240273316939,1.67741541662739e-07,297.94398
"3189",0.187237833036525,0.000301164817493973,490.05593
"2840",0.187176250437139,1.59525959371916e-05,96.96046
"1070",0.186728476302881,2.63301708660493e-08,423.09005
"348",0.186443907311225,1.52664094112502e-06,265.05535
"513",0.186199136118634,2.98836375039843e-08,364.72077
"133",0.185820827627209,8.72595507286929e-15,387.18012
"2309",0.185065202280875,5.72172368376549e-06,882.48411
"3600",0.184398254024232,5.59265484193525e-08,484.20253
"4824",0.183893907800686,1.78137508627067e-10,243.02
"1455",0.18386002126949,3.96366373606942e-11,275.20043
"3637",0.183200839941228,1.11555183730127e-12,89.02331
"1083",0.182843797961518,3.65704367386566e-06,462.82773
"60",0.182808411616676,8.92502009818957e-16,124.03917
"1913",0.182693072126693,2.53505136677497e-06,702.21083
"3227",0.182403097392533,0.00010159427944327,539.87713
"4653",0.182129009733363,5.14074562236821e-16,83.04897
"3471",0.181955406498776,0.000637589755946697,270.10046
"1134",0.181793627055248,3.31738795466628e-15,83.06055
"3",0.181607293716554,8.40653038311705e-12,206.04475
"5271",0.181529555154794,0.0197963248193589,225.01589
"3107",0.18149878265937,0.0142414779346983,130.00787
"1611",0.180229142137602,1.50447511809132e-07,303.88385
"1763",0.179906342514531,3.32107924639443e-17,497.91095
"4362",0.179694151354739,4.20593362973904e-06,611.4281
"507",0.179686738790591,7.61399892037892e-08,287.18671
"5240",0.17968282386993,0.0185883499053576,198.14894
"3653",0.179620798470154,2.91046479581233e-10,309.118
"1533",0.179554762074495,0.00394854586013653,717.01401
"2166",0.179524837903068,2.26163556344945e-11,650.91161
"2455",0.179423957283275,0.000227235660190849,299.16173
"4348",0.17938899592595,1.90975567481551e-15,236.93863
"2059",0.178895109707591,0.00427569600291216,267.19535
"1172",0.178815531722578,0.0168571985206661,339.28693
"308",0.178398853812911,2.20516584452992e-07,741.54022
"4213",0.178343092620011,0.000155412601755474,432.28027
"4109",0.177764332197846,6.25878044180338e-07,440.50059
"1679",0.177726858237973,0.000575998575063531,538.12743
"1464",0.177108375708033,0.0039416051668964,53.00185
"3179",0.177090190320117,4.50972725462627e-20,129.13852
"600",0.175626083143178,0.00189503142123176,306.89384
"5030",0.175496247721707,3.75927068562294e-11,350.8854
"2799",0.174588211848343,0.000286012219902868,249.87265
"1229",0.174391863107425,1.12495761276859e-10,172.01139
"3100",0.174252302195615,0.000292572695683465,179.05287
"3090",0.173800572841633,2.29856758276959e-09,103.03918
"21",0.173382907522288,1.79118750844113e-17,146.16516
"462",0.173314422254663,5.19142309507207e-12,445.74759
"4080",0.173011470018533,3.70929040456841e-08,404.20673
"999",0.172410566981543,3.90739412360733e-16,422.08687
"2627",0.172316302136199,0.0306159991879955,523.18703
"151",0.172241200869195,2.5386678858013e-05,275.20046
"271",0.17178420260375,0.00597994884336817,381.55824
"36",0.171715616883239,0.00141143452513407,59.04889
"234",0.171414070893991,2.62561092606354e-07,546.23502
"872",0.171286829540319,4.13156948320243e-08,536.33461
"2883",0.171265921575716,0.00523691009202478,813.88544
"4797",0.171171296549333,1.10939879449719e-07,382.92853
"220",0.171005059064666,0.00175187490483027,479.17781
"914",0.170607349699874,3.26666224240271e-10,505.26439
"476",0.170372004661446,4.64899215729846e-06,609.21755
"586",0.170314710405396,1.43129174012719e-16,589.29825
"2797",0.169698216835904,5.06144547357624e-05,752.16504
"3634",0.169509290791356,0.00333977221500409,293.21096
"1457",0.169257229676815,0.000979314531376606,267.23178
"3014",0.168617935658107,2.04173577116449e-05,412.32098
"899",0.168512898930467,0.00018830908973818,263.20016
"1856",0.168072921101613,0.00595224273391516,625.0991
"1871",0.167495791249507,0.00231941685470474,295.64287
"1937",0.166952404350081,2.2037021570821e-05,701.3719
"505",0.16686492253123,1.41490561301326e-06,289.17964
"1436",0.166784109481103,2.08103362544757e-12,161.97055
"489",0.166360872790659,3.93763893161235e-06,815.58119
"4030",0.166136348006756,1.35308005212777e-06,453.74523
"3602",0.166083255520504,0.00631712799922887,296.18505
"4249",0.165839485852255,7.84376215740268e-05,409.16214
"3158",0.165517726771174,0.01132030633409,811.89976
"929",0.165486836064321,0.0244451690744932,654.79967
"3547",0.165286192831923,0.000343119400040016,415.86956
"3841",0.165256927496925,0.000522573125685468,368.15897
"2829",0.165110541742554,5.11005001307369e-32,184.07337
"2496",0.164688543939243,8.39530245531012e-17,533.30821
"834",0.164609275733381,1.61080159661886e-08,457.7247
"753",0.164439143273844,3.85370381133522e-24,355.1962
"1958",0.164018562753096,2.76113589357488e-18,386.2021
"375",0.16362554463412,1.23826831848123e-08,342.13391
"1069",0.16347831808029,0.00765385525716487,371.10105
"820",0.163346039861363,8.76812965873492e-08,622.16802
"2058",0.163161632864215,3.11631070098047e-05,209.15357
"5027",0.163036634092164,6.82584737536199e-12,525.24647
"4368",0.163011394505039,1.90786527750108e-13,218.10237
"219",0.162885816535034,0.00604148638875841,501.67453
"3977",0.162651582447259,2.62332964758303e-05,233.00565
"2290",0.162562436883589,0.000262238720255219,237.07585
"1945",0.16202529039863,0.0365980712108672,158.08118
"231",0.16193893269574,4.55703352082581e-08,918.41324
"2127",0.161892135306896,6.95674793170647e-07,597.88942
"5331",0.16176900680353,5.0636255424971e-05,129.03957
"1990",0.161561308099862,1.67088517154002e-07,147.05017
"1047",0.161453997772499,9.88829077255035e-16,414.23332
"3130",0.160466659267754,0.00264223329704197,694.48778
"3939",0.160059738396099,2.47821575438953e-05,572.75088
"4355",0.15893181299619,2.77735296952647e-07,556.35907
"2555",0.15868295509646,1.12386201688522e-09,261.03051
"334",0.158269798156015,2.27222016649936e-07,373.22206
"683",0.157708457054469,1.51252466606588e-08,345.29958
"1577",0.157447835070215,0.00972401173770785,130.06491
"1460",0.157433581258415,3.93125598581491e-06,822.30199
"608",0.157148697249857,1.10352411340473e-05,429.29975
"4146",0.157133431107175,1.31420173060518e-08,293.24742
"342",0.156762752855935,0.00991452384376841,389.18278
"5386",0.156515325515024,0.0151980705786886,141.95852
"1101",0.15648705212152,0.000207093237595369,207.13789
"1915",0.156195474326178,2.3021280616202e-11,319.04291
"3028",0.156047933306965,0.000256554077910635,333.23974
"3567",0.156020822251457,2.84180783492008e-13,185.9849
"2839",0.155950402216858,2.32628548136632e-11,196.6494
"1505",0.155844004614883,2.43784467507276e-08,316.17544
"1359",0.155637740215623,0.0018356343326585,291.21704
"1417",0.154796704462927,2.2365867761005e-16,286.95842
"4407",0.15417400570374,0.00505586923737553,299.93268
"3577",0.15314845987716,5.61360204562883e-11,562.85899
"3072",0.152840219953797,1.56405074636839e-06,441.89974
"2297",0.152545551765485,0.00614566264235371,249.22119
"3545",0.151997428134156,0.00281161860796074,109.10089
"266",0.151950223200056,0.0115960054568555,366.08667
"1493",0.151509118498305,0.0235376728406235,471.8222
"2904",0.150398020269518,6.5852401003882e-09,183.06514
"3877",0.149853494385255,0.000149346097301665,607.16225
"2878",0.149709037105991,7.00013549974845e-10,147.06517
"4282",0.149031700309833,0.000487698581625278,112.99965
"2620",0.148720985264023,1.60272798112801e-14,271.15169
"5248",0.148351855014663,1.52070654246985e-14,58.06478
"3098",0.148141360290877,2.1854997666235e-05,259.20564
"1568",0.147945294534719,1.82940539427398e-05,145.02844
"677",0.147200290193887,7.95244505761945e-05,169.12237
"4205",0.147112076826184,0.00101107434563643,210.92336
"263",0.146599878918564,1.65396249250577e-08,719.40027
"3891",0.146521042367217,8.10225640635929e-12,195.91215
"822",0.145600962008996,0.0239024811582477,405.32103
"3852",0.144680559168011,2.82252243421119e-06,705.49601
"3306",0.143580773069553,5.0522086910462e-07,783.56992
"4275",0.14347179515094,8.96064703875916e-05,258.09725
"2441",0.143329126315338,7.04884023357005e-05,171.09974
"959",0.143227954545744,0.00233536376906287,703.21286
"3596",0.142503329007433,0.00387078695877073,670.85929
"5033",0.142257946820627,2.53933543162e-07,257.10192
"5579",0.142244199336298,7.13233870186142e-08,852.50942
"5163",0.141900671097181,0.00058112426589508,205.04955
"4852",0.141282031956169,3.24701055373077e-08,147.06515
"4738",0.141134266123275,1.85119499551247e-05,638.88356
"766",0.140956625032996,3.01941423740108e-10,155.0702
"768",0.14069413076762,1.67771149162838e-06,473.81878
"2889",0.14032120285376,0.0385676675009119,210.14898
"521",0.139483285874195,7.41119161960603e-13,253.12806
"3474",0.139244463243532,0.00116720717916219,564.35901
"2148",0.139226380448813,1.15598274155998e-07,103.05636
"935",0.139136262914199,5.13235156119427e-05,153.09099
"594",0.139048699524587,0.00121526130720695,325.14319
"4375",0.139037891076168,0.0197132327421563,215.12548
"784",0.138511767596327,1.11945112598477e-06,123.04387
"3848",0.138378617997192,0.00186069904908903,448.73727
"2452",0.136689470254103,0.0220339404033247,550.33023
"549",0.136626015251162,0.000662411130817735,215.04003
"3988",0.13606127958794,0.00189682012831934,221.1172
"3708",0.135305270004853,1.4235736574062e-11,866.52464
"1998",0.135275689161789,0.02101074009341,415.25367
"1394",0.134705863359232,0.0161305513258842,682.45079
"761",0.13437023533513,0.00612141962829981,325.19897
"2080",0.134290763201883,1.2478838811604e-08,480.30835
"4061",0.133666523541815,3.50130976241336e-10,133.04952
"812",0.133501441243142,0.00494310215252951,175.13285
"2649",0.133416372206684,4.73217485097675e-07,295.10234
"2589",0.132980370602984,5.95960233012922e-10,451.26786
"4136",0.132461285515032,0.00567435129611314,520.333
"1278",0.132223208416739,0.000387502125547922,265.21608
"30",0.132016470062266,5.62059581707614e-07,398.34157
"1166",0.131894876935522,0.0186370350574119,296.18554
"1923",0.131868544125947,0.000385569899186478,433.27172
"5205",0.131645644768102,0.026531687719429,239.09138
"1242",0.131631490019442,1.03659607055471e-06,175.13296
"2823",0.131582237779376,0.000199406939421182,57.93448
"993",0.131500260203054,0.00116060139975415,528.83887
"5369",0.131499449177556,0.00891069212132715,239.23694
"3531",0.13128531062633,0.0261670062001274,452.35951
"5351",0.130853148357832,1.89347705848987e-06,151.03523
"5140",0.130843524581592,8.87144298698574e-06,437.97276
"2988",0.130647412034693,0.00223750729872617,178.13381
"531",0.130580996877655,0.0062437406831881,203.14299
"4104",0.130288636469733,6.31460169251462e-05,311.22159
"2991",0.130258525240294,4.44398251507878e-10,120.08057
"1690",0.130049511476161,1.33412243093739e-13,227.12777
"1587",0.129975364957727,0.00870495535878614,229.98721
"2266",0.129612380311313,0.00738610044054061,438.26139
"2398",0.12907810797364,0.0223069117994088,587.34913
"5549",0.128395651828369,1.19892292547987e-16,147.06517
"4634",0.128174481074805,1.45439945112477e-05,838.49403
"3275",0.128114313292019,0.018501249401107,343.30678
"2356",0.127741009349283,0.00231627757902704,319.08085
"3804",0.127734202554489,6.79114507273688e-08,265.01558
"5453",0.126467800010135,0.00737042447435207,868.50426
"2706",0.126075557099824,0.0186769967209706,580.34049
"4357",0.124643418966193,0.00570872897262052,511.82474
"84",0.124131241294843,1.04757885595347e-07,201.18495
"1274",0.123940579001679,1.14482231864431e-12,177.05743
"221",0.123497545633726,0.00158020279745116,501.17282
"4712",0.123350293930633,0.000183799980866247,55.93407
"1875",0.123096824925776,0.000936738455125273,309.20407
"1647",0.122184001054825,0.036727184216026,293.123
"172",0.121829598892528,0.0429026899880386,313.27365
"642",0.12152319247666,5.63628499985043e-08,247.13288
"5345",0.121285736555427,0.000561788864067567,201.00824
"4515",0.121072924601522,1.78917835592972e-05,158.15394
"4270",0.121003091655036,1.73329506124145e-06,158.96129
"134",0.120578123902666,1.66553126095647e-11,118.08612
"5574",0.120497082840358,0.000617029164665142,560.39457
"3114",0.120121261803793,0.0062835653820815,297.24155
"4626",0.119663973450368,2.38296351885194e-06,525.90465
"2969",0.119272982868171,0.039995361808073,755.51294
"3595",0.118954960815732,0.000340726227138489,456.368
"2163",0.118857717105316,2.50536750529065e-06,582.89482
"5072",0.118664716131388,2.70692743664105e-05,163.0601
"5050",0.117709905238644,2.37433289032336e-20,170.0448
"3101",0.116278749208213,0.000547113409086914,102.1277
"3729",0.116040096148341,2.35954484438707e-05,423.95479
"654",0.115868431852413,3.95707892543074e-07,121.02834
"3654",0.115660412673913,0.00677099208895046,700.48907
"2651",0.115311014783339,0.00295801248503136,635.79471
"4577",0.11513746941156,0.0070494230362797,339.98756
"1766",0.115076710439158,0.00109422575352746,209.18999
"3976",0.114743686536973,0.000349799879500629,269.949
"1800",0.114101578822984,0.0274908527983626,742.51625
"4729",0.113726431809324,0.00897436147418186,186.95626
"1870",0.113592136548291,0.00410788133007432,127.02388
"910",0.113396628737696,0.00886440535632702,637.81042
"135",0.113175911131175,0.000555196912540156,107.04884
"2901",0.11316881626093,1.99208552576881e-06,156.96587
"1420",0.112873646871669,0.000279970031600377,423.18665
"2792",0.112785937738708,0.00071525857104522,142.96578
"1904",0.112237062902039,1.11299077303993e-05,802.55783
"93",0.112087783214006,0.0212373980298256,308.09062
"436",0.112002131415193,1.30774337777844e-08,356.03749
"2531",0.111694576840655,0.0375311768568761,686.47892
"2427",0.111582849100299,7.08234828323776e-05,816.24419
"4377",0.111442859611009,0.0247120573201653,388.25402
"3181",0.111066008269299,0.00177973091262074,629.40657
"173",0.110887163611255,0.000229695336130648,355.28418
"473",0.110525094583802,0.00221814780511835,265.17982
"2200",0.110301643465503,0.00109075151118197,952.34339
"5533",0.110119064251442,0.00203644433134546,158.96356
"4139",0.110029680169973,4.28998273613923e-06,721.53382
"79",0.10998951913981,0.0136608829835057,482.32399
"1477",0.109831095736121,1.98589443473861e-06,537.86184
"1799",0.109762625397885,0.000683334624980015,657.91946
"4379",0.109696645004167,0.0115317288086908,173.11721
"559",0.109502973962941,9.12287339117289e-05,161.13249
"2391",0.109237440580059,0.000348744926835384,186.05816
"3690",0.108993229987028,0.0379744709145582,348.31095
"4904",0.108726191111898,2.11474716567678e-06,54.00837
"2536",0.108652268836478,1.68852898322008e-05,153.55385
"945",0.10845056941479,7.55946442312532e-08,459.26533
"4182",0.108396760935224,2.21062100533815e-05,169.04949
"356",0.108064031862677,3.73857301930885e-17,391.1571
"5519",0.107746655162726,0.00945751847963335,90.97662
"4862",0.107640129594727,0.014914432694608,297.24023
"5048",0.107034226217184,0.00150881874322318,170.06621
"2896",0.105962170134405,3.33090665729601e-06,454.38894
"3242",0.105331527071789,0.000574287352007431,353.26849
"589",0.105095712528163,6.80909441479254e-12,211.16924
"1098",0.104734080088939,2.55496665637376e-11,113.05947
"171",0.104073715349559,3.40400467485689e-06,331.28419
"96",0.103806173675812,2.05512233979755e-05,339.10746
"2385",0.10374784077714,1.28867113469063e-05,225.14855
"546",0.103671925740048,0.00168893709322849,737.41033
"691",0.103368915117223,1.70585233360221e-07,592.38471
"3235",0.102833735152411,0.0133273407457127,319.98226
"4496",0.102472005121847,0.00357890280800076,476.3065
"2256",0.102304891137908,0.0207938774651177,480.89622
"4739",0.102156458920086,6.42450304288307e-05,526.9024
"2922",0.101764308330747,0.00216048257411964,281.17474
"5080",0.10118938476418,6.58159070268135e-09,246.06084
"4640",0.100625181770781,4.71790894748994e-05,147.02878
"1710",0.100291414968388,1.01044426277446e-10,189.03935
"3345",0.100170506606024,0.0495105718456783,380.21352
